"keyword","risorsa_promessa","stato","note"
"CARRELLO","Template sequenza carrello abbandonato: 3 mail con tempi e testi","da creare","Promessa in script #1 mese1 e template virale"
"WELCOME","Struttura welcome flow: 3 email con cosa scrivere in ognuna","da creare","Promessa in script #3 mese1"
"INBOX","Checklist deliverability: dove si e rotta la consegna in 10 minuti","da creare","URGENTE: promessa nel video gia girato"
"POPUP","Parametri popup: offerta timing campi con soglie","da creare",""
"SEGMENTI","Condizioni esatte dei 3 segmenti da copiare in Klaviyo con soglie","da creare","URGENTE: promessa nel video gia girato"
"RIACQUISTO","Sequenza post-acquisto: 3 messaggi con timing","da creare",""
"WINBACK","Sequenza winback 3 mail","da creare",""
"OGGETTO","20 esempi di oggetti email che uso","da creare",""
"RIORDINO","Setup flusso riordino: calcolo timing sui propri dati","da creare",""
"VIP","Criteri e soglie per costruire il segmento VIP","da creare",""
"BROWSE","Setup browse abandonment: trigger esclusioni timing","da creare",""
"PULIZIA","Procedura pulizia lista: winback poi sospensione senza perdere vendite","da creare","URGENTE: promessa nel video spazzatura gia girato"
"LISTA","50 idee di email senza sconti divise per obiettivo","da creare","URGENTE: promessa nel video 10 tipologie. Serve PDF o pagina"
"LEAK","Revenue Leak Calculator / questionario diagnosi","bozza","Il quiz funnel esiste ma ha URL placeholder e dati demo da sostituire (vedi knowledge base Mailift)"
"RECENSIONI","Come e quando chiedere una recensione: testi e tempi","da creare","Promessa nel quick win macro 2 (piano mese 1 v2)"
