titolo,pilastro,tipo,pubblico,formato,priorita,stato,note
"Il numero che non guardi: % clienti che ricomprano (sotto 20% = buco)","Revenue Leak Audit","consapevolezza","broad","yap","alta","in lavorazione","Yap sfidante gia scritto in chat (versione presuntuosa). Benchmark 25-30% da verificare per ads"
"Quanto dovrebbe renderti la lista: benchmark 25-30% del fatturato","Revenue Leak Audit","consapevolezza","MOF","schema","alta","in lavorazione","Script #14 pilastro mese1 pronto. CTA link in bio questionario"
"Il ROAS ti sta mentendo: puoi avere 20x e margine zero","Revenue Leak Audit","consapevolezza","broad","yap","alta","idea","Yap 5 blocchi scritto. Confronto ROAS vs LTV"
"Fatturi tanto e non ti resta niente: dove finisce il margine","Revenue Leak Audit","consapevolezza","broad","yap","alta","idea","Il fatturato si compra il profitto no"
"Attribuzione: non sai da dove arrivano davvero i clienti","Revenue Leak Audit","attrazione","MOF","screen-recording","media","idea","VOC La Fenice: spendo 15k e non so cosa funziona"
"Paghi due volte la stessa persona e lo chiami costo di acquisizione","Revenue Leak Audit","consapevolezza","broad","yap","alta","idea","Reframe centrale. Yap 5 blocchi scritto in chat"
"Il problema non e il CPA: e che acquisisci sempre da capo","Revenue Leak Audit","consapevolezza","broad","yap","media","idea",""
"Cosa guardo nei primi 10 minuti quando apro un account","Revenue Leak Audit","attrazione","BOF","screen-recording","media","idea","I 4 numeri della diagnosi. Posizionamento tecnico"
"Se domani ti bloccano l'account pubblicitario quanto duri?","Revenue Leak Audit","consapevolezza","broad","yap","alta","idea","Test della fragilita. 18 sec versione corta scritta"
"Piu cresci meno guadagni: il paradosso dello scaling","Revenue Leak Audit","consapevolezza","broad","yap","alta","idea","Yap 5 blocchi scritto: la soluzione istintiva (alzare budget) peggiora"
"Welcome flow: le 3 email nell'ordine giusto","Flows","attrazione","MOF","yap","alta","usata","GIRATO (hook vecchio da rimontare). Script completo in testi-mese1"
"Carrello abbandonato: lo sconto subito e un errore strutturale","Flows","attrazione","MOF","schema","alta","in lavorazione","Script completo + template virale con demo Klaviyo scritti. CTA CARRELLO"
"Stai insegnando ai clienti ad abbandonare il carrello","Flows","attrazione","broad","yap","alta","in lavorazione","Hook forte validato. Didascalia scritta in chat"
"Browse abandonment: il flusso che quasi nessuno ha","Flows","attrazione","MOF","screen-recording","media","in lavorazione","Script #15 mese1 pronto. CTA BROWSE"
"I 30 giorni dopo l'acquisto: dove perdi il secondo ordine","Flows","attrazione","broad","yap","alta","in lavorazione","Script #8/#10 mese1 pronti. CTA RIACQUISTO"
"Riordino automatico: la mail che si paga da sola","Flows","attrazione","MOF","metafora","media","in lavorazione","Script #12 mese1 pronto. Solo per consumabili. CTA RIORDINO"
"Winback: i dormienti sono i clienti piu economici che hai","Flows","attrazione","MOF","yap","alta","in lavorazione","Script #9 mese1 pronto. CTA WINBACK"
"Flusso VIP: accesso anticipato non sconto","Flows","attrazione","MOF","schema","media","in lavorazione","Script #13 mese1 pronto. CTA VIP"
"Cross-sell: quando proporre il complementare e quando no","Flows","attrazione","BOF","yap","bassa","idea",""
"Le ads si fermano quando finisce il budget. I flussi no","Flows","consapevolezza","broad","yap","media","idea","Aggancio al case study calo stagionale"
"I flussi ce li hai. Sono fermi da due anni","Flows","consapevolezza","MOF","yap","alta","idea","Livello 100k: ce l'hai e non rende. Yap 5 blocchi scritto"
"10 tipologie di email senza fare sconti","Campaign Engine","attrazione","MOF","lista muta 10s","alta","in lavorazione","Formato 10s testo+musica gia progettato frame by frame. CTA LISTA (risorsa 50 idee DA CREARE)"
"Ogni sconto insegna ai clienti ad aspettare","Campaign Engine","consapevolezza","broad","yap","alta","idea","Il danno composto della promo continua"
"Le disiscrizioni sono una buona notizia","Campaign Engine","attrazione","MOF","yap","alta","in lavorazione","Yap Perfect scritto completo con didascalia. Controverso"
"Non sai cosa scrivere = non conosci il tuo cliente","Campaign Engine","consapevolezza","broad","yap","media","idea",""
"Oggetto email: specifico batte furbo","Campaign Engine","attrazione","BOF","screen-recording","media","in lavorazione","Script #11 mese1 pronto. CTA OGGETTO"
"Il mittente conta piu dell'oggetto: mai da noreply","Campaign Engine","attrazione","BOF","yap","media","idea","Fix da 30 secondi. Dentro script #11"
"Mix 80 contenuto / 20 promo","Campaign Engine","attrazione","MOF","schema","media","idea",""
"Mandi due campagne a settimana e non si muove niente","Campaign Engine","consapevolezza","MOF","yap","alta","idea","Livello 100k: il problema e a chi le mandi. Yap scritto"
"Ogni promo rende meno della precedente","Campaign Engine","consapevolezza","broad","yap","alta","idea","Livello 100k. Yap 5 blocchi scritto"
"Black Friday si prepara 3 mesi prima","Campaign Engine","attrazione","MOF","schema","bassa","idea","Stagionale: pubblicare ago-set"
"La mail sull'errore: ammettere un problema costruisce fiducia","Campaign Engine","attrazione","MOF","yap","bassa","idea",""
"Stessa mail a chi ha speso 2000 euro e a chi zero","Segmentation","attrazione","broad","yap","alta","usata","GIRATO (hook vecchio). Due didascalie alternative scritte. CTA SEGMENTI"
"I 3 segmenti base in 10 minuti","Segmentation","attrazione","MOF","screen-recording","alta","in lavorazione","Script #7 mese1 + template virale con demo Klaviyo. CTA SEGMENTI"
"Hai i segmenti e mandi a tutti lo stesso","Segmentation","consapevolezza","MOF","yap","alta","idea","Livello 100k: averli e non usarli e peggio. Yap scritto"
"Il segmento one-time buyer: il piu profittevole da attivare","Segmentation","attrazione","MOF","yap","media","idea",""
"I contatti morti danneggiano quelli vivi (punteggio Gmail)","Segmentation","attrazione","MOF","yap","alta","idea","Meccanismo chiave della deliverability"
"Segmentare per prodotto comprato: il cross-sell che funziona","Segmentation","attrazione","BOF","screen-recording","bassa","idea",""
"Lista piccola vende piu di lista grande","Segmentation","consapevolezza","broad","yap","media","idea","Ho visto liste da 30k fatturare meno di liste da 5k"
"Manda di piu a meno gente","Segmentation","consapevolezza","MOF","yap","alta","idea","Il ribaltamento della paura di infastidire"
"Paghi l'abbonamento alla spazzatura (30k contatti 5k aperture)","Segmentation","attrazione","broad","metafora","alta","usata","GIRATO video spazzatura. Script analogia + didascalia + overlay scritti. CTA PULIZIA"
"Pulire la lista senza perdere vendite: prima winback poi sospendi","Segmentation","attrazione","MOF","yap","alta","in lavorazione","Script #16 mese1 pronto. Include il calo temporaneo dei numeri"
"Il popup c'e. Prende l'1%","List Growth","attrazione","MOF","schema","alta","in lavorazione","Script #5 mese1 pronto. Benchmark 6-8% da verificare. CTA POPUP"
"Iscriviti alla newsletter non e un'offerta","List Growth","attrazione","MOF","yap","media","idea",""
"Ogni campo in piu nel popup abbatte la conversione","List Growth","attrazione","BOF","screen-recording","media","idea","Fix piu veloce: chiedi solo email"
"Timing del popup: non appena atterrano","List Growth","attrazione","BOF","yap","bassa","idea",""
"Quiz al posto dello sconto di benvenuto","List Growth","attrazione","MOF","yap","media","idea","Lead piu caldi senza regalare margine"
"Lo sconto di benvenuto ti erode il margine","List Growth","consapevolezza","broad","yap","media","idea","Compri un indirizzo al prezzo di una vendita. Yap scritto"
"Compri traffico e la lista cresce di 200 persone","List Growth","consapevolezza","broad","yap","alta","idea","Livello 100k. Yap 5 blocchi scritto"
"Il sito perde persone in silenzio: nessuna notifica ti avvisa","List Growth","consapevolezza","broad","yap","media","idea","Angolo invisibilita del problema"
"Fonti offline: packaging negozio eventi","List Growth","attrazione","MOF","yap","bassa","idea",""
"Non hai un business hai un affitto (Meta +20%)","Revenue Leak Audit","consapevolezza","broad","yap","alta","usata","GIRATO (hook vecchio da rimontare). CPM +20% da verificare per ads"
"Le email non le apre nessuno? Non le VEDE nessuno","Campaign Engine","attrazione","MOF","yap","alta","usata","GIRATO (rigirare hook+promise insieme). Didascalia checklist scritta. CTA INBOX"
"La frase che riassume il 90% degli ecommerce (15k al mese)","Revenue Leak Audit","consapevolezza","broad","yap","alta","usata","GIRATO (hook vecchio). My story secchio bucato. VOC La Fenice"
"Case study: calo stagionale -40% e il fatturato ha tenuto","Flows","vendita","BOF","yap","alta","usata","GIRATO. Verificare numeri e ok del cliente prima di pubblicare. Didascalia scritta"
"Compra una volta e sparisce: non e colpa del prodotto","Flows","consapevolezza","broad","yap","media","idea","Broad settimana yap giorno 2"
"Sette su dieci se ne vanno alla cassa e le hai pagate tutte","Flows","consapevolezza","broad","yap","media","idea","Broad. 70% carrelli da verificare per ads"
"L'unica cosa che sai fare e scontare: hai costruito un outlet","Campaign Engine","consapevolezza","broad","yap","alta","idea","Hot take forte. Cacciatori di offerte vs clienti"
"Parli ai clienti una volta al mese per non infastidirli","Campaign Engine","consapevolezza","broad","yap","media","idea","Broad della paura di mandare"
"Sei fiero dei 30.000 contatti: quel numero non vale niente","Segmentation","consapevolezza","broad","yap","media","idea",""
"Non ti serve piu traffico (secchio bucato)","List Growth","consapevolezza","broad","yap","alta","idea","Prima tappi il buco poi apri il rubinetto"
"Nessuno ti avvisa quando smetti di funzionare: le 3 rotture invisibili","Revenue Leak Audit","consapevolezza","broad","yap","media","idea","Cliente che non torna / mail non consegnata / visitatore perso"
"Azienda o secondo lavoro? Cosa funziona quando non ci sei","Revenue Leak Audit","consapevolezza","broad","yap","media","idea","Storia cliente ad agosto solo se vera e autorizzata"
"Smetti/Inizia: 5 swap per tenerti il margine","Campaign Engine","attrazione","broad","raffica","media","idea","Pattern swap-list. Ritmo visivo obbligatorio"
"Se vuoi X fai Y: 4 mosse a costo zero","Revenue Leak Audit","attrazione","broad","raffica","media","idea","Pattern if/then"
"Non e X e Y: non hai un problema di traffico","Revenue Leak Audit","attrazione","broad","raffica","alta","idea","Pattern riposizionamento diagnostico. Il piu forte dei 5"
"Rapid fire: 4 errori che ti costano margine ogni mese","Campaign Engine","attrazione","broad","raffica","media","idea","CTA conteggio nei commenti"
"Ogni volta che: 3 modi in cui bruci soldi senza accorgertene","Revenue Leak Audit","attrazione","broad","raffica","bassa","idea","Contatore a schermo"
